MAE,MSE,RMSE,R2
25.544710425254447,1647.027305813823,40.58358419131833,0.8828298992678327
