MAE,MSE,RMSE,R2
24.043247395091587,1390.6335410880135,37.29119924443318,0.9017249115934965
