MAE,MSE,RMSE,R2
24.937188901278375,1500.6614038735215,38.73837120831904,0.8969113038665155
