MAE,MSE,RMSE,R2
23.832656921375367,1324.7445933544375,36.39704099723544,0.902091491106671
