MAE,MSE,RMSE,R2
23.68220038790867,1399.7131002525916,37.412739812162805,0.9004134042914415
