MAE,MSE,RMSE,R2
56.02974370011884,4671.681410015201,68.34969941422713,0.6268203105453505
