MAE,MSE,RMSE,R2
45.947850026652375,3581.394400616066,59.844752490223115,0.7190494848531048
