MAE,MSE,RMSE,R2
49.60286339558791,4053.2836801991725,63.66540410771907,0.6701425067447225
