MAE,MSE,RMSE,R2
42.230810084201735,3056.460552979002,55.28526524291081,0.7515703686971701
