MAE,MSE,RMSE,R2
43.47245063063282,3136.409409359898,56.00365532141539,0.7596838479614408
