MAE,MSE,RMSE,R2
28.767737439289334,1558.164319063846,39.473590146626464,0.88061123261404
