MAE,MSE,RMSE,R2
31.50499104211555,1951.7085225613444,44.17814530467915,0.8413648007994309
