MAE,MSE,RMSE,R2
31.664090019776015,1845.420864880702,42.95836199019583,0.852585498704401
