MAE,MSE,RMSE,R2
31.77793499227185,2111.128486641127,45.94701825626041,0.8281957036599444
