MAE,MSE,RMSE,R2
29.430702326438983,1827.417727361409,42.74830671923052,0.8566441183349034
