MAE,MSE,RMSE,R2
79.15653090776468,9927.612057099614,99.63740290222148,0.23933223724746788
