MAE,MSE,RMSE,R2
91.66602669281411,11951.577133797447,109.32326894946678,0.02857378678002176
