MAE,MSE,RMSE,R2
80.1904222927027,9537.288585684546,97.65904251877829,0.2518260092237392
