MAE,MSE,RMSE,R2
77.43994097169683,9006.043422047114,94.90017609070657,0.2670853703487476
