MAE,MSE,RMSE,R2
60.103056769877774,5749.147486225247,75.8231329227779,0.5407509876553127
