MAE,MSE,RMSE,R2
62.84219471610797,6714.135587737079,81.93982906826862,0.4536015465272901
