MAE,MSE,RMSE,R2
69.99074015380613,7161.506385463692,84.62568395861679,0.42793001183140733
