MAE,MSE,RMSE,R2
71.76946375406811,7419.9187610358285,86.13895031306005,0.43147526602569464
