MAE,MSE,RMSE,R2
63.18966477623385,6615.920145936056,81.33830675601783,0.48099930774122
