MAE,MSE,RMSE,R2
56.14768342618743,5298.9872605390965,72.79414303732888,0.5692974181750663
