MAE,MSE,RMSE,R2
50.24135034395842,4378.97792652152,66.17384624246591,0.6440759326310711
