MAE,MSE,RMSE,R2
55.82263177525291,4678.601799591413,68.40030555188633,0.6262675012661434
