MAE,MSE,RMSE,R2
49.76697004962881,4159.793393767915,64.4964603196789,0.6736756787572153
