MAE,MSE,RMSE,R2
49.744650517682565,4030.7916145992226,63.488515611874426,0.6911550106950264
