MAE,MSE,RMSE,R2
48.486914853434946,4010.942488349622,63.3320020870146,0.6735882461764731
