MAE,MSE,RMSE,R2
25.092211430953355,1338.1191124960258,36.58031044832761,0.8931093901685875
