MAE,MSE,RMSE,R2
24.634424463464825,1445.5870588662483,38.0208766188557,0.8865976813923945
