MAE,MSE,RMSE,R2
24.0653370774794,1218.3830399596698,34.90534400288399,0.9066457577259003
