MAE,MSE,RMSE,R2
24.892276444335433,1467.664730095486,38.31011263485773,0.8805609853626896
