MAE,MSE,RMSE,R2
25.922383191984288,1487.2828231398003,38.565305951590744,0.8791134002905645
