MAE,MSE,RMSE,R2
55.04810469765281,5117.454935451096,71.53638889020816,0.5835399172525227
