MAE,MSE,RMSE,R2
54.107923788808364,4913.35075723172,70.09529768273846,0.614561181504002
