MAE,MSE,RMSE,R2
52.48371693003884,4460.134748798914,66.78424027267896,0.6374794923739143
