MAE,MSE,RMSE,R2
54.60449011070002,5000.5181994979575,70.71434224750986,0.6168531798444685
