MAE,MSE,RMSE,R2
57.128568193679904,5228.371536283343,72.30747911719328,0.582351214686663
