MAE,MSE,RMSE,R2
36.21032591025907,2274.066375842201,47.68717202605121,0.8257577982989783
