MAE,MSE,RMSE,R2
40.42231018526629,2956.4415652177954,54.373169534410955,0.7594038610170678
