MAE,MSE,RMSE,R2
40.37223381493565,2662.3974987467777,51.59842535142693,0.7873243946693006
