MAE,MSE,RMSE,R2
38.58276439082747,2574.9104865934523,50.743575815993225,0.790710839634842
