MAE,MSE,RMSE,R2
38.231510412900704,2637.352628979129,51.355161658582375,0.7931069586727882
