MAE,MSE,RMSE,R2
31.658738867289514,1908.5441479939243,43.68688759792719,0.8475431327718591
