MAE,MSE,RMSE,R2
32.31708926830557,2178.3015346028615,46.67227800957289,0.8227291400134825
