MAE,MSE,RMSE,R2
30.95832240074769,1901.9802128299812,43.61169811908247,0.850794896953582
