MAE,MSE,RMSE,R2
32.6636639437609,1980.2718444139246,44.50024544217621,0.8390431691625676
