MAE,MSE,RMSE,R2
32.012246770475116,1830.5273222385847,42.78466223120833,0.8597423917397303
