MAE,MSE,RMSE,R2
30.29232212035083,2039.1296052798343,45.15672270304649,0.8340549951373801
