MAE,MSE,RMSE,R2
27.76118242071896,1629.488445890039,40.366922670548455,0.8675549031934571
