MAE,MSE,RMSE,R2
28.5492445829438,1852.9442542655754,43.04583898898447,0.8546416326878596
