MAE,MSE,RMSE,R2
27.431105478174434,1532.0585733889336,39.14151981450048,0.8826114919959848
