MAE,MSE,RMSE,R2
30.577966718931233,1808.9016112071865,42.53118398548513,0.855502701858662
