MAE,MSE,RMSE,R2
82.16887382867029,10346.473433502548,101.71761614146563,0.15903688733547305
