MAE,MSE,RMSE,R2
74.77031036680421,8666.000365394886,93.09135494445704,0.3359987203324085
