MAE,MSE,RMSE,R2
90.70678176680508,12054.612261190921,109.79349826465555,0.05434890832043382
