MAE,MSE,RMSE,R2
63.18527655564119,6181.550175470963,78.62283494933875,0.5062101259976368
