MAE,MSE,RMSE,R2
85.24063573041444,10695.577994902484,103.41942755064197,0.12959051853447412
