MAE,MSE,RMSE,R2
71.3125024364385,7418.133710584065,86.12858823052927,0.39630995916735556
