MAE,MSE,RMSE,R2
58.46851184491375,5676.807716983849,75.34459315029744,0.5650349146584219
