MAE,MSE,RMSE,R2
61.41993694093585,5658.419863592349,75.22246914049252,0.5400826753354424
