MAE,MSE,RMSE,R2
44.56937309889843,3532.506592358541,59.4348937271578,0.7228845986043274
