MAE,MSE,RMSE,R2
61.178396559550784,5737.42483869146,75.7457908975242,0.5416874072401044
