MAE,MSE,RMSE,R2
73.16050951630396,7995.446572475785,89.4172610432448,0.34932805795528077
