MAE,MSE,RMSE,R2
61.21321726476689,5722.648180632647,75.64818689587112,0.5510740302501682
