MAE,MSE,RMSE,R2
61.78689278380796,5908.711833547077,76.86814576628655,0.5197389016350727
