MAE,MSE,RMSE,R2
65.21615364176002,6674.220608818564,81.6959032560297,0.4886117195729661
