MAE,MSE,RMSE,R2
61.305849071786795,6049.974679463182,77.78158316377458,0.5167205393650298
