MAE,MSE,RMSE,R2
31.720752102655815,2105.6713540757632,45.88759477326921,0.83481588859471
