MAE,MSE,RMSE,R2
30.56327102487511,1960.9624595271043,44.28275578063209,0.8406126392358659
