MAE,MSE,RMSE,R2
30.295175781943726,1882.2171436453893,43.38452654628594,0.8557818440692083
