MAE,MSE,RMSE,R2
31.11499356052186,2158.459183523667,46.45922065127295,0.8243439167485154
