MAE,MSE,RMSE,R2
32.230315485191674,2028.9718151680358,45.04410966117585,0.8379232217604966
