MAE,MSE,RMSE,R2
48.84830325098924,4004.289409317054,63.27945487531521,0.693185647376239
