MAE,MSE,RMSE,R2
62.32225053148402,6019.84079855727,77.58763302587127,0.5191276710445196
