MAE,MSE,RMSE,R2
68.54185057990642,7096.337033147372,84.2397592182419,0.42249787339494527
