MAE,MSE,RMSE,R2
64.3474871173553,6370.314207105525,79.81424814596404,0.500266416391891
