MAE,MSE,RMSE,R2
59.57279187100274,5567.281581013691,74.61421835691701,0.5474904103760672
