MAE,MSE,RMSE,R2
36.951137541478516,2547.440836066198,50.47217883216651,0.7926884682397475
