MAE,MSE,RMSE,R2
34.201357477577076,2076.178711134489,45.56510409441076,0.8409202327619457
