MAE,MSE,RMSE,R2
34.67361849862109,2203.347133838467,46.93982460383152,0.8209115718643473
