MAE,MSE,RMSE,R2
36.53579438850024,2303.8427857343195,47.998362323461826,0.8159661886425875
