MAE,MSE,RMSE,R2
37.78034148598382,2527.674179940298,50.275980148976686,0.801710930565041
