MAE,MSE,RMSE,R2
48.122103058959546,3723.6398541375656,61.02163431224672,0.6973419221241708
