MAE,MSE,RMSE,R2
48.904470539716066,3899.3191460867843,62.444528552041966,0.6885175635261265
