MAE,MSE,RMSE,R2
45.92739499919506,3484.028101321706,59.02565629725523,0.7266876025482661
