MAE,MSE,RMSE,R2
50.0072304716509,4116.481614179761,64.15981307781189,0.6649994391169651
