MAE,MSE,RMSE,R2
45.974451070518924,3498.731609892202,59.15007700664643,0.7319222053741496
