MAE,MSE,RMSE,R2
53.10195877642021,4616.604752732715,67.94560142299657,0.6462691744423525
