MAE,MSE,RMSE,R2
58.367896886029726,5294.970918811934,72.76655082393238,0.5696238671107454
