MAE,MSE,RMSE,R2
53.00034700594713,4866.524518498615,69.76047963208549,0.6039607130437958
