MAE,MSE,RMSE,R2
57.19612851869769,5153.843159082454,71.79027203655419,0.5883046336419371
