MAE,MSE,RMSE,R2
53.47798474208818,4831.286604740599,69.50745718799242,0.6209988879776336
