MAE,MSE,RMSE,R2
68.96489105801965,7167.9222505665275,84.66358278838976,0.427417504591182
