MAE,MSE,RMSE,R2
68.0497329885536,7094.931886782025,84.23141864400732,0.4226122246455114
