MAE,MSE,RMSE,R2
61.25651594731473,6071.618473609645,77.92059081917722,0.53478395267221
