MAE,MSE,RMSE,R2
71.26514555357059,7558.118117720248,86.93743795235886,0.38567487956014856
