MAE,MSE,RMSE,R2
73.37723442436511,8436.412488104646,91.84994549864821,0.33818670344796997
