MAE,MSE,RMSE,R2
23.178838684542253,1314.8635752882678,36.26104763087062,0.8931276659520397
