MAE,MSE,RMSE,R2
22.53903154512731,1232.9700468217106,35.1136732174478,0.9032768997026233
