MAE,MSE,RMSE,R2
22.522890555278774,1175.234406204641,34.28169199740061,0.90995186744448
