MAE,MSE,RMSE,R2
22.98959737384776,1247.9569558169826,35.32643423580963,0.900311654766065
