MAE,MSE,RMSE,R2
23.234234828400695,1417.0631876157272,37.64389973974173,0.8846789547115321
