MAE,MSE,RMSE,R2
54.415818761450076,4958.4505006566615,70.41626588123415,0.5964797478728132
