MAE,MSE,RMSE,R2
51.18206476985452,4363.968524353612,66.06034002602176,0.665626521760728
