MAE,MSE,RMSE,R2
51.00209645859456,4470.244758853003,66.85988901316695,0.64932162522608
