MAE,MSE,RMSE,R2
52.694958409822775,4689.219379467645,68.4778751091741,0.6188594548017924
