MAE,MSE,RMSE,R2
55.69500033593759,4786.417558325299,69.18394003181157,0.6176550451007092
