MAE,MSE,RMSE,R2
57.336636897952715,5155.887873498521,71.80451151215027,0.5881412993252657
