MAE,MSE,RMSE,R2
61.59957358840661,5867.436201642822,76.59919191246617,0.5504286889005622
