MAE,MSE,RMSE,R2
60.88145906734134,5776.716877906844,76.00471615568894,0.546832490041725
