MAE,MSE,RMSE,R2
58.706430482905915,5454.206753899528,73.85260153778964,0.5566811514710972
