MAE,MSE,RMSE,R2
61.784528397433846,6187.803163679354,78.66259062400216,0.49643464376812363
