MAE,MSE,RMSE,R2
45.64449328499804,3393.841026912929,58.256682251162644,0.724148026646497
