MAE,MSE,RMSE,R2
44.81350511092342,3276.2048763560565,57.23814179684781,0.742990761480872
