MAE,MSE,RMSE,R2
44.38763533942791,3515.288924210912,59.28987202053072,0.7139246882045833
