MAE,MSE,RMSE,R2
45.09640543697603,3218.1001361534973,56.72830101592588,0.7429341806422927
