MAE,MSE,RMSE,R2
43.640962720946035,3244.1365483101645,56.95732216590036,0.7514296412799429
