MAE,MSE,RMSE,R2
63.05729539253155,6566.183906011966,81.03199310156431,0.4849009786171612
