MAE,MSE,RMSE,R2
64.61478381393678,6449.148709573523,80.3065919434608,0.4758121008383652
