MAE,MSE,RMSE,R2
77.11725939848696,8753.835994408479,93.56193667516978,0.2876100896689493
