MAE,MSE,RMSE,R2
73.04537776816598,8005.308528976098,89.47238975782473,0.3605260529051708
