MAE,MSE,RMSE,R2
79.29861793172451,9487.57295935393,97.40417321323523,0.273048659089967
