MAE,MSE,RMSE,R2
56.02959858573688,5212.546433711167,72.1979669638361,0.5758013413913794
