MAE,MSE,RMSE,R2
57.338885796443925,5196.648943661061,72.08778636954433,0.5923372199643813
