MAE,MSE,RMSE,R2
46.53804339471596,3474.9663322558326,58.9488450459874,0.733743134764508
