MAE,MSE,RMSE,R2
73.80046872174698,7779.482842378474,88.20137664673082,0.37856528807534273
