MAE,MSE,RMSE,R2
51.593391964618334,4231.878749423388,65.0528919374334,0.6560321786542108
