MAE,MSE,RMSE,R2
58.9853814161613,5267.985728963319,72.58089093530968,0.5867410458663413
