MAE,MSE,RMSE,R2
70.13846523657908,7513.75824341491,86.68193723847494,0.38928045765523445
