MAE,MSE,RMSE,R2
63.22233167421527,5948.248728948504,77.12489046312159,0.5248465341174038
