MAE,MSE,RMSE,R2
58.550084679716555,5562.215163850607,74.58025988055155,0.5473451907999449
