MAE,MSE,RMSE,R2
57.64689308842397,5462.3544848225565,73.90774306405626,0.5814666264723943
