MAE,MSE,RMSE,R2
35.311351676311226,2223.6263167438196,47.15534239875499,0.8192632764438847
