MAE,MSE,RMSE,R2
29.832915471655152,1924.225268163424,43.86599215979759,0.8434059460196327
