MAE,MSE,RMSE,R2
28.23495756784867,1505.897343447187,38.80589315358154,0.8846160026614083
