MAE,MSE,RMSE,R2
31.49136175860096,1905.3515868565519,43.65033318150678,0.8505304219576544
