MAE,MSE,RMSE,R2
30.584777831491277,1753.8195723876481,41.87862906528398,0.8599027232507751
