MAE,MSE,RMSE,R2
29.360967195983793,1811.9243916567464,42.56670520085794,0.8611677747527791
