MAE,MSE,RMSE,R2
32.12468882782534,2095.4023501897764,45.77556499039391,0.8326166684547482
