MAE,MSE,RMSE,R2
34.402280726540795,2384.48105351346,48.83114839437488,0.806188976201388
