MAE,MSE,RMSE,R2
31.396515660917302,2146.265994975491,46.32781016814297,0.8253362022450718
