MAE,MSE,RMSE,R2
32.77826099428981,2201.2233898159475,46.91719716496231,0.8273200948725996
