MAE,MSE,RMSE,R2
35.52026969598635,2193.231602865347,46.83195066261224,0.8319514736319038
