MAE,MSE,RMSE,R2
34.97518969479338,2302.0364251238857,47.97954173524259,0.8194115902414383
