MAE,MSE,RMSE,R2
36.58339685293025,2304.096642832006,48.001006685610314,0.8159459102236275
