MAE,MSE,RMSE,R2
36.814859648199445,2582.461894087639,50.817928864600916,0.7898384435877516
