MAE,MSE,RMSE,R2
37.797178629840296,2515.507470831495,50.154834969636724,0.7955391268148077
