MAE,MSE,RMSE,R2
48.97954463427075,3819.102580609496,61.798888182632346,0.700401933605385
