MAE,MSE,RMSE,R2
47.66261282777122,3532.9946755226247,59.438999617444985,0.7177800153430896
