MAE,MSE,RMSE,R2
47.93881240613784,3902.562155077042,62.47049027402492,0.6824082715860216
