MAE,MSE,RMSE,R2
46.99061482867312,3615.0719380883197,60.12546829828704,0.7230080438761135
