MAE,MSE,RMSE,R2
49.44460927040319,3898.2781138728974,62.436192339643014,0.6831472948010304
