MAE,MSE,RMSE,R2
53.13142710608472,4377.776235841699,66.16476581868706,0.6502978193908916
