MAE,MSE,RMSE,R2
45.326927580625195,3497.5827521935234,59.14036482972965,0.7320102324858406
