MAE,MSE,RMSE,R2
46.0820437627387,3537.135728914769,59.47382389686045,0.7225214556061885
