MAE,MSE,RMSE,R2
48.67530487946102,4049.514928522959,63.63579911121537,0.6704492089345273
