MAE,MSE,RMSE,R2
50.48785864413823,4121.333208510198,64.1976106137152,0.6650173389385368
