MAE,MSE,RMSE,R2
59.72352038389299,5605.5303106279825,74.87008955936932,0.5522233052827186
