MAE,MSE,RMSE,R2
55.943060628462334,5289.819009579148,72.73114195156809,0.5695128750060368
