MAE,MSE,RMSE,R2
55.3421134025669,5082.330209513012,71.2904636645955,0.6105846272190731
