MAE,MSE,RMSE,R2
52.10155997525524,4486.319701906313,66.97999478878982,0.6480605902696932
