MAE,MSE,RMSE,R2
56.241798901848675,5255.434745925702,72.4943773400786,0.5728373739376791
