MAE,MSE,RMSE,R2
94.66446101005069,12519.039405320485,111.88851328586186,-3.6352550166318665e-05
