MAE,MSE,RMSE,R2
85.4005385982795,10785.767765598051,103.8545510105265,0.17357912571144662
