MAE,MSE,RMSE,R2
94.9418254101318,12747.729194334965,112.90584216210853,-2.4203836763270203e-05
