MAE,MSE,RMSE,R2
89.50952943131483,11565.904032889814,107.54489310464636,0.059921361728606626
