MAE,MSE,RMSE,R2
53.84955532694004,4835.803825852695,69.53994410303113,0.6294738295408198
