MAE,MSE,RMSE,R2
53.810857270278994,4659.902907883149,68.26348151012479,0.6212423025763981
