MAE,MSE,RMSE,R2
54.364315530522774,4630.901332068254,68.0507261685594,0.6300778736128047
