MAE,MSE,RMSE,R2
55.44782841446508,4820.76649225412,69.43173980431514,0.6218241617933216
