MAE,MSE,RMSE,R2
56.79502941631689,5394.306018681262,73.44593942949645,0.5610096895348262
