MAE,MSE,RMSE,R2
45.38104038034997,3263.0955634545808,57.12351147692674,0.7393398902544464
