MAE,MSE,RMSE,R2
44.239529764652254,3291.749149020658,57.37376708061497,0.7324460717690067
