MAE,MSE,RMSE,R2
44.58399841423189,3194.4415423342975,56.519390852470245,0.7552373433535351
