MAE,MSE,RMSE,R2
43.96310305504018,3536.9794907445785,59.472510378699994,0.7121595031179746
