MAE,MSE,RMSE,R2
45.07634249763622,3393.829592176086,58.25658411009082,0.7337634268712128
