MAE,MSE,RMSE,R2
48.36751326251944,3785.1448604174707,61.523530948877365,0.7030658231171133
