MAE,MSE,RMSE,R2
49.65577540655169,4081.577030296822,63.887221181522854,0.6678399850671513
