MAE,MSE,RMSE,R2
42.2417363607048,2905.9210851422563,53.90659593354283,0.7773441913466189
