MAE,MSE,RMSE,R2
43.807632631831886,3115.4474214006423,55.81619318262974,0.7511342064683307
