MAE,MSE,RMSE,R2
51.57596763173047,4437.226757057362,66.61251201581699,0.6393414578217247
