MAE,MSE,RMSE,R2
51.64167022652082,4470.542662993267,66.86211680012283,0.6574606596037424
