MAE,MSE,RMSE,R2
52.66224240147694,4436.559780786275,66.60750543884882,0.6393956697659791
