MAE,MSE,RMSE,R2
53.1004468512452,4683.981340568674,68.43961820881728,0.6325545797623287
