MAE,MSE,RMSE,R2
53.828483059265054,4948.347286310712,70.34449009205136,0.5973019506153094
