MAE,MSE,RMSE,R2
53.08729436302019,4579.5368294146,67.6722751901737,0.6341809336177506
