MAE,MSE,RMSE,R2
37.944177759772316,2518.534893020795,50.18500665558186,0.8070262726353941
