MAE,MSE,RMSE,R2
38.043841528892514,2863.7652069206497,53.514158938739286,0.7669458920328743
