MAE,MSE,RMSE,R2
44.051033717705394,3222.7523235504364,56.76929032100398,0.7380541454265994
