MAE,MSE,RMSE,R2
37.81730822852264,2526.6620981494452,50.265913879580914,0.8017903255907499
