MAE,MSE,RMSE,R2
38.71562295088785,2549.1992724304323,50.48959568495704,0.7963668090028186
