MAE,MSE,RMSE,R2
47.334009463287046,3834.921825800061,61.9267456419281,0.7061628326344543
