MAE,MSE,RMSE,R2
48.61395877624638,4000.5756653055505,63.25010407347604,0.6748325324983315
