MAE,MSE,RMSE,R2
49.30039245060512,4184.486450707812,64.68760662374062,0.6717385765306016
