MAE,MSE,RMSE,R2
50.34141119058124,4491.6050984987805,67.01943821384047,0.6344717726713299
