MAE,MSE,RMSE,R2
51.61958394644568,4425.752506695983,66.52632942449165,0.6464654155329976
