MAE,MSE,RMSE,R2
67.54091064306917,7715.969922629837,87.84059381988396,0.39470343611195147
