MAE,MSE,RMSE,R2
66.74592885026914,7415.698204134826,86.11444828909273,0.4317986511012788
