MAE,MSE,RMSE,R2
78.74483603376129,9538.544961094716,97.66547476511194,0.2237502286011095
