MAE,MSE,RMSE,R2
59.31148240935927,5882.62114754819,76.69824735643044,0.530088946494696
