MAE,MSE,RMSE,R2
61.87654445914857,6008.072866731764,77.51175953835498,0.511662820032815
