MAE,MSE,RMSE,R2
67.90678888368274,7379.966333200211,85.9067304301602,0.40015508677274203
