MAE,MSE,RMSE,R2
57.438507285047024,5650.797630106248,75.17178746116291,0.5670278445271947
