MAE,MSE,RMSE,R2
59.57420674566608,5687.823180009238,75.41765827715176,0.5538059555202404
