MAE,MSE,RMSE,R2
64.25136087709187,6676.383720277115,81.70914098359567,0.46668221037680213
