MAE,MSE,RMSE,R2
67.91231610176871,7666.52461654007,87.55869240994906,0.3760958295750174
