MAE,MSE,RMSE,R2
24.25219233821078,1285.70980188063,35.85679575590421,0.8972959107258448
