MAE,MSE,RMSE,R2
24.363261506740223,1332.1447908913842,36.49855875087925,0.891723045821555
