MAE,MSE,RMSE,R2
24.145254987457488,1387.774437893364,37.25284469531641,0.8911329220912491
