MAE,MSE,RMSE,R2
23.6767142042102,1183.345396617737,34.39978774088202,0.9093303918171336
