MAE,MSE,RMSE,R2
24.518202442823803,1410.4921359331781,37.556519220145766,0.8852137089520618
