MAE,MSE,RMSE,R2
29.572131034555337,1980.219554164868,44.49965791064992,0.8388491135168191
