MAE,MSE,RMSE,R2
28.185879819982976,1738.2110652363317,41.69185850062733,0.863642134994075
