MAE,MSE,RMSE,R2
27.46867081890538,1642.0646497717673,40.522396890753726,0.8688298446994714
