MAE,MSE,RMSE,R2
28.28131606968086,1627.305557327401,40.339875524441084,0.8753135325506831
