MAE,MSE,RMSE,R2
28.31039457300399,1715.8050702997107,41.42227746394096,0.8605390733452689
