MAE,MSE,RMSE,R2
91.91131230358508,12414.42569190158,111.42004169762988,0.048789037826765136
