MAE,MSE,RMSE,R2
74.66286934290198,8378.25340068187,91.53279958944701,0.33073475525621343
