MAE,MSE,RMSE,R2
64.63328426627747,6518.606749954379,80.73788918441191,0.47016653955473764
