MAE,MSE,RMSE,R2
81.7710186802967,10144.172194276698,100.71828133103095,0.17446409500023563
