MAE,MSE,RMSE,R2
87.0633324978659,11101.825248525278,105.36519941861866,0.12909242218409467
