MAE,MSE,RMSE,R2
65.69938817713734,6818.937933561227,82.57686076354094,0.4450726988550424
