MAE,MSE,RMSE,R2
64.19768196975728,6522.164343930744,80.75991792919767,0.4790014449139538
