MAE,MSE,RMSE,R2
75.90701828945805,9188.798951689532,95.8582231824142,0.2531328652486151
