MAE,MSE,RMSE,R2
72.39742853849192,8246.40242371102,90.80970445778921,0.3530924690529258
