MAE,MSE,RMSE,R2
83.0288133908536,10349.080200739465,101.730429079698,0.20703874833492353
