MAE,MSE,RMSE,R2
90.96275628983767,11795.224998813268,108.60582396360367,0.07469712380181415
