MAE,MSE,RMSE,R2
81.73939777911748,9834.439216670415,99.16874112678055,0.2144128311126099
