MAE,MSE,RMSE,R2
80.5791654512442,9927.273489547311,99.63570388945577,0.19310952976413576
