MAE,MSE,RMSE,R2
67.71163973534149,7338.858541964451,85.6671380516733,0.4027613971769869
