MAE,MSE,RMSE,R2
86.82769844369285,11072.559122892166,105.2262283030812,0.15160476381304155
