MAE,MSE,RMSE,R2
29.86831465711612,1698.0561432380175,41.2074767880541,0.8698925219805156
