MAE,MSE,RMSE,R2
30.275471220780748,1823.7537212966981,42.70542964655312,0.8569315495072996
