MAE,MSE,RMSE,R2
29.389620951825318,1831.9500691087917,42.80128583475959,0.850915330570851
