MAE,MSE,RMSE,R2
31.464246271503928,1969.566505462088,44.37979839366204,0.8399133009253298
