MAE,MSE,RMSE,R2
30.19100150243746,1779.7977784001005,42.187649595587814,0.8578275520219467
