MAE,MSE,RMSE,R2
57.06634848313049,5359.336982799251,73.20749266843696,0.5643921825306195
