MAE,MSE,RMSE,R2
55.211753943655964,5600.810080588443,74.83856011835371,0.5442043244081523
