MAE,MSE,RMSE,R2
53.36402716865108,4524.328127762031,67.26312606296284,0.6385910729936362
