MAE,MSE,RMSE,R2
57.24533492265428,5341.778492858311,73.08747151775269,0.5907053305556706
