MAE,MSE,RMSE,R2
57.146933267174695,5340.77410887309,73.08060008561156,0.5810309981740682
