MAE,MSE,RMSE,R2
44.3580909190693,3375.287249447096,58.09722239012031,0.7352180225283802
