MAE,MSE,RMSE,R2
52.15321311065959,4244.078767449994,65.14659444245719,0.6609777385369892
