MAE,MSE,RMSE,R2
50.40967805830029,3877.0520601418416,62.26597835208118,0.6848725520425416
