MAE,MSE,RMSE,R2
46.93668163586992,3765.6225948068445,61.36466894563063,0.6935524558183939
