MAE,MSE,RMSE,R2
49.98504130125586,4077.3161321580988,63.85386544413814,0.6875902359555317
