MAE,MSE,RMSE,R2
49.21702206296788,3823.834115498806,61.8371580483677,0.6891981155946305
