MAE,MSE,RMSE,R2
46.54148903624106,3598.8981526192965,59.99081723580115,0.7176763637744922
