MAE,MSE,RMSE,R2
46.06447391090493,3438.4185089149387,58.63802954495434,0.7253348765133749
