MAE,MSE,RMSE,R2
45.76735050993929,3408.5780242485,58.3830285635175,0.7226088546093601
