MAE,MSE,RMSE,R2
45.851370582822064,3476.1015940427383,58.95847347110285,0.7336561493909242
