MAE,MSE,RMSE,R2
57.08885436685243,5254.6704030520905,72.4891054093792,0.580250428679995
