MAE,MSE,RMSE,R2
64.46992684022693,6885.361256223757,82.97807696147072,0.4724338227167959
