MAE,MSE,RMSE,R2
63.63917396425786,6467.815122184804,80.42272764700787,0.49261773845960155
