MAE,MSE,RMSE,R2
65.96363616691649,6450.1961102985415,80.3131129411539,0.4757269679300772
