MAE,MSE,RMSE,R2
64.00642431845648,7072.351684122324,84.09727512899764,0.4244498085982238
