MAE,MSE,RMSE,R2
53.63876177624958,4818.867835113766,69.4180656249781,0.6219731062104954
