MAE,MSE,RMSE,R2
57.59584229461823,5075.7370511603585,71.2442071410747,0.5945438461525316
