MAE,MSE,RMSE,R2
65.31271936717434,6740.832435215469,82.1025726467537,0.4835078266461713
