MAE,MSE,RMSE,R2
62.41780518995345,6637.279926211257,81.46950304384615,0.4598560842931091
