MAE,MSE,RMSE,R2
59.18699869681734,5454.35283652612,73.85359054593162,0.5566692778504714
