MAE,MSE,RMSE,R2
27.085837773999494,1548.0415921067997,39.345159703663676,0.8813868503580737
