MAE,MSE,RMSE,R2
25.549809094630053,1435.5389899612092,37.88850735990017,0.8853273698576072
