MAE,MSE,RMSE,R2
28.49986369767671,1788.8740970775887,42.2950836040974,0.8596677598478315
