MAE,MSE,RMSE,R2
27.84961360497757,1797.0403730163562,42.391512983336135,0.8537562925542442
