MAE,MSE,RMSE,R2
31.30180752464288,1979.5378409944008,44.491997493868496,0.8391028290847968
