MAE,MSE,RMSE,R2
29.36563075955235,1668.9858881577484,40.85322371805863,0.8721199262915795
