MAE,MSE,RMSE,R2
30.47769062573071,1815.0291071291977,42.60315841729575,0.8550132299052859
