MAE,MSE,RMSE,R2
31.176397282487425,1997.8701006771241,44.69754020835066,0.8374127065227662
