MAE,MSE,RMSE,R2
35.14047497141237,2312.5268938577233,48.08873978238277,0.8185886418964035
