MAE,MSE,RMSE,R2
33.388903876505665,2099.499831567204,45.82029933956351,0.8293522981776309
