MAE,MSE,RMSE,R2
24.533602394210337,1392.6979918290456,37.31886911240807,0.8907466828615387
