MAE,MSE,RMSE,R2
22.89833452592044,1157.900367063582,34.02793509843908,0.9112800261897106
