MAE,MSE,RMSE,R2
23.59053891203545,1383.3438581998869,37.193330829597485,0.8874230442825861
