MAE,MSE,RMSE,R2
23.463990527952173,1270.4289630897445,35.64307735156638,0.8985165630293953
