MAE,MSE,RMSE,R2
24.92681379139631,1372.116754153014,37.04209435430202,0.8884741178791157
